"symbol","company","identifier","sedol","weight","sector","shares_held","local_currency"
"NVDA","NVIDIA CORP","67066G104","2379504",0.0829866102087322,"-",296930485,"USD"
"AAPL","APPLE INC","037833100","2046251",0.0725550074073201,"-",179068000,"USD"
"MSFT","MICROSOFT CORP","594918104","2588173",0.0570391033040291,"-",91109404,"USD"
"AMZN","AMAZON.COM INC","023135106","2000019",0.0365431780060632,"-",120438174,"USD"
"GOOGL","ALPHABET INC CL A","02079K305","BYVY8G0",0.0301919996233903,"-",71996873,"USD"
"AVGO","BROADCOM INC","11135F101","BDZ78H9",0.0254984568669449,"-",58376409,"USD"
"META","META PLATFORMS INC CLASS A","30303M102","B7TL820",0.0245881836280192,"-",27057003,"USD"
"GOOG","ALPHABET INC CL C","02079K107","BYY88Y7",0.0241994107051418,"-",58322589,"USD"
"MU","MICRON TECHNOLOGY INC","595112103","2588184",0.0181554749845134,"-",13857966,"USD"
"TSLA","TESLA INC","88160R101","B616C79",0.0150065669726491,"-",34576232,"USD"
"AMD","ADVANCED MICRO DEVICES","007903107","2007849",0.0149678323658013,"-",20027957,"USD"
"LLY","ELI LILLY + CO","532457108","2516152",0.0143059914404501,"-",9817694,"USD"
"BRK-B","BERKSHIRE HATHAWAY INC CL B","084670702","2073390",0.0141206300825389,"-",22851870,"USD"
"JPM","JPMORGAN CHASE + CO","46625H100","2190385",0.0134374661652162,"-",32611633,"USD"
"XOM","EXXONMOBIL HOLDINGS CORP","30233Q108","BVSRPD7",0.0100116885318134,"-",50444339,"USD"
"JNJ","JOHNSON + JOHNSON","478160104","2475833",0.00973035874302589,"-",29564161,"USD"
"V","VISA INC CLASS A SHARES","92826C839","B2PZN04",0.00941052384145485,"-",20909782,"USD"
"INTC","INTEL CORP","458140100","2463247",0.00869432275687987,"-",60969686,"USD"
"WMT","WALMART INC","931142103","2936921",0.007183643155808,"-",54682415,"USD"
"ABBV","ABBVIE INC","00287Y109","B92SR70",0.00702024338204724,"-",21676639,"USD"
"MA","MASTERCARD INC   A","57636Q104","B121557",0.00687789719418262,"-",9921427,"USD"
"PLTR","PALANTIR TECHNOLOGIES INC A","69608A108","BN78DQ4",0.00649248685824692,"-",28230152,"USD"
"CSCO","CISCO SYSTEMS INC","17275R102","2198163",0.00635977942108167,"-",48347727,"USD"
"COST","COSTCO WHOLESALE CORP","22160K105","2701271",0.00618647149054609,"-",5439616,"USD"
"AMAT","APPLIED MATERIALS INC","038222105","2046552",0.00613320891162969,"-",9738305,"USD"
"LRCX","LAM RESEARCH CORP","512807306","BSML4N7",0.00611639597692116,"-",15353692,"USD"
"CVX","CHEVRON CORP","166764100","2838555",0.00609468384284059,"-",24243041,"USD"
"CAT","CATERPILLAR INC","149123101","2180201",0.00573334044964493,"-",5638527,"USD"
"MRK","MERCK + CO. INC.","58933Y105","2778844",0.00555678966820118,"-",30261910,"USD"
"BAC","BANK OF AMERICA CORP","060505104","2295677",0.0053927014122476,"-",79768996,"USD"
"PG","PROCTER + GAMBLE CO/THE","742718109","2704407",0.00520147298869332,"-",28510224,"USD"
"UNH","UNITEDHEALTH GROUP INC","91324P102","2917766",0.0050775960840011,"-",11009572,"USD"
"KO","COCA COLA CO/THE","191216100","2206657",0.00507341530083025,"-",47495777,"USD"
"GE","GENERAL ELECTRIC","369604301","BL59CR9",0.00497626946562417,"-",12726268,"USD"
"PANW","PALO ALTO NETWORKS INC","697435105","B87ZMX0",0.0047777371440244,"-",10000145,"USD"
"PM","PHILIP MORRIS INTERNATIONAL","718172109","B2PKRQ3",0.00455939848687779,"-",19116323,"USD"
"NFLX","NETFLIX INC","64110L106","2857817",0.00441630394880359,"-",51071439,"USD"
"HD","HOME DEPOT INC","437076102","2434209",0.00433596107030324,"-",12237901,"USD"
"CRWD","CROWDSTRIKE HOLDINGS INC   A","22788C105","BJJP138",0.00403622186636008,"-",12488866,"USD"
"GS","GOLDMAN SACHS GROUP INC","38141G104","2407966",0.00402632368758806,"-",3572511,"USD"
"TXN","TEXAS INSTRUMENTS INC","882508104","2885409",0.00388277016138532,"-",11205848,"USD"
"KLAC","KLA CORP","482480100","2480138",0.00387548621934542,"-",16031411,"USD"
"GEV","GE VERNOVA INC","36828A101","BP6H4Y1",0.00386704482898137,"-",3266307,"USD"
"SNDK","SANDISK CORP","80004C200","BSNPZV3",0.00381111812331888,"-",1791185,"USD"
"RTX","RTX CORP","75513E101","BM5M5Y3",0.00380268671095763,"-",16537205,"USD"
"TMO","THERMO FISHER SCIENTIFIC INC","883556102","2886907",0.00379081288763231,"-",4534677,"USD"
"WFC","WELLS FARGO + CO","949746101","2649100",0.00367143606220036,"-",37087015,"USD"
"ORCL","ORACLE CORP","68389X105","2661568",0.00359426618858862,"-",21206376,"USD"
"MRVL","MARVELL TECHNOLOGY INC","573874104","BNKJSM5",0.00348293163340894,"-",10755185,"USD"
"MS","MORGAN STANLEY","617446448","2262314",0.00347085825002774,"-",14638431,"USD"
"AMGN","AMGEN INC","031162100","2023607",0.0034572482542162,"-",6634486,"USD"
"C","CITIGROUP INC","172967424","2297907",0.00330965363688174,"-",20570719,"USD"
"LIN","LINDE PLC","G54950103","BNZHB81",0.00329136395775964,"-",5652616,"USD"
"ANET","ARISTA NETWORKS INC","040413205","BL9XPM3",0.00320510412360223,"-",12844585,"USD"
"APH","AMPHENOL CORP CL A","032095101","2145084",0.0031369942765278,"-",30238092,"USD"
"IBM","INTL BUSINESS MACHINES CORP","459200101","2005973",0.00312820365606595,"-",11560214,"USD"
"STX","SEAGATE TECHNOLOGY HOLDINGS","G7997R103","BKVD2N4",0.00312471135508792,"-",2780991,"USD"
"QCOM","QUALCOMM INC","747525103","2714923",0.00296769750311556,"-",13105090,"USD"
"ADI","ANALOG DEVICES INC","032654105","2032067",0.00292550052929813,"-",5972439,"USD"
"VZ","VERIZON COMMUNICATIONS INC","92343V104","2090571",0.00288146760296653,"-",50947052,"USD"
"GILD","GILEAD SCIENCES INC","375558103","2369174",0.00282925271434354,"-",15204235,"USD"
"CRM","SALESFORCE INC","79466L302","2310525",0.00278559895211813,"-",10051055,"USD"
"DIS","WALT DISNEY CO/THE","254687106","2270726",0.00274515810679251,"-",21171876,"USD"
"PEP","PEPSICO INC","713448108","2681511",0.00264921960992455,"-",16735831,"USD"
"ABT","ABBOTT LABORATORIES","002824100","2002305",0.00263645774435054,"-",21231918,"USD"
"DE","DEERE + CO","244199105","2261203",0.0025703035858238,"-",3077976,"USD"
"ETN","EATON CORP PLC","G29183103","B8KQN82",0.00254265454008058,"-",4770928,"USD"
"WELL","WELLTOWER INC","95040Q104","BYVYHH4",0.00253361446954887,"-",8843911,"USD"
"T","AT+T INC","00206R102","2831811",0.00252993258651774,"-",84017879,"USD"
"MCD","MCDONALD S CORP","580135101","2550707",0.00249719475934938,"-",8676570,"USD"
"-","US DOLLAR","999USDZ92","-",0.00249373239237973,"-",2027327187.28,"USD"
"PFE","PFIZER INC","717081103","2684703",0.00247285841053389,"-",69998573,"USD"
"WDC","WESTERN DIGITAL CORP","958102105","2954699",0.00246755011304728,"-",4423670,"USD"
"DELL","DELL TECHNOLOGIES  C","24703L202","BHKD3S6",0.00246198238748802,"-",3709331,"USD"
"UNP","UNION PACIFIC CORP","907818108","2914734",0.00246002669894032,"-",7294997,"USD"
"SCHW","SCHWAB (CHARLES) CORP","808513105","2779397",0.00242959379041746,"-",19931245,"USD"
"AXP","AMERICAN EXPRESS CO","025816109","2026082",0.00242785761793124,"-",6462916,"USD"
"NEE","NEXTERA ENERGY INC","65339F101","2328915",0.00239203658789942,"-",25624647,"USD"
"BLK","BLACKROCK INC","09290D101","BMZBBT7",0.00232129254808726,"-",1767081,"USD"
"COP","CONOCOPHILLIPS","20825C104","2685717",0.00227441589095927,"-",14740375,"USD"
"BA","BOEING CO/THE","097023105","2108601",0.00223887424500569,"-",9698097,"USD"
"TJX","TJX COMPANIES INC","872540109","2989301",0.00223083197475342,"-",13554552,"USD"
"ISRG","INTUITIVE SURGICAL INC","46120E602","2871301",0.00219768504947049,"-",4334638,"USD"
"UBER","UBER TECHNOLOGIES INC","90353T100","BK6N347",0.00213826604282996,"-",25062614,"USD"
"DHR","DANAHER CORP","235851102","2250870",0.0021314510669214,"-",7677132,"USD"
"NOW","SERVICENOW INC","81762P102","B80NXX8",0.00202760999184029,"-",12685753,"USD"
"VRTX","VERTEX PHARMACEUTICALS INC","92532F100","2931034",0.00201479823625231,"-",3109695,"USD"
"BMY","BRISTOL MYERS SQUIBB CO","110122108","2126335",0.0019389953490234,"-",25076997,"USD"
"PLD","PROLOGIS INC","74340W103","B44WZD7",0.00190204680467582,"-",11660529,"USD"
"GLW","CORNING INC","219350105","2224701",0.00189830505362792,"-",9723806,"USD"
"NEM","NEWMONT CORP","651639106","2636607",0.00186031879698972,"-",12916405,"USD"
"PH","PARKER HANNIFIN CORP","701094104","2671501",0.00184820550159734,"-",1548413,"USD"
"PGR","PROGRESSIVE CORP","743315103","2705024",0.00184723763532629,"-",7133522,"USD"
"BKNG","BOOKING HOLDINGS INC","09857L108","BDRXDB4",0.00183916543106564,"-",9210193,"USD"
"COF","CAPITAL ONE FINANCIAL CORP","14040H105","2654461",0.00181728367093756,"-",7520102,"USD"
"SPGI","S+P GLOBAL INC","78409V104","BYV2325",0.00178895612100432,"-",3705862,"USD"
"CB","CHUBB LTD","H1467J104","B3BQMF6",0.00175777486227188,"-",4303243,"USD"
"MO","ALTRIA GROUP INC","02209S103","2692632",0.00173300945933623,"-",20501847,"USD"
"VLO","VALERO ENERGY CORP","91913Y100","2041364",0.00168476581582541,"-",3532606,"USD"
"CVS","CVS HEALTH CORP","126650100","2577609",0.00168131342685855,"-",15692946,"USD"
"MDT","MEDTRONIC PLC","G5960L103","BTN1Y11",0.00168076463670486,"-",15689602,"USD"
"MPC","MARATHON PETROLEUM CORP","56585A102","B3K3L40",0.0016597509628199,"-",3441891,"USD"
"SBUX","STARBUCKS CORP","855244109","2842255",0.00164274844605827,"-",13994562,"USD"
"FTNT","FORTINET INC","34959E109","B5B2106",0.00163677162238444,"-",7562199,"USD"
"ACN","ACCENTURE PLC CL A","G1151C101","B4BNMY3",0.00163413742964672,"-",7500585,"USD"
"LOW","LOWE S COS INC","548661107","2536763",0.00158412767964129,"-",6877337,"USD"
"LMT","LOCKHEED MARTIN CORP","539830109","2522096",0.00157069728788006,"-",2492981,"USD"
"ADP","AUTOMATIC DATA PROCESSING","053015103","2065308",0.00156980924563136,"-",4874754,"USD"
"FCX","FREEPORT MCMORAN INC","35671D857","2352118",0.00153236180114405,"-",17598068,"USD"
"MCK","MCKESSON CORP","58155Q103","2378534",0.00151965980358681,"-",1428552,"USD"
"PSX","PHILLIPS 66","718546104","B78C4Y8",0.00151745466496925,"-",4890567,"USD"
"EQIX","EQUINIX INC","29444U700","BVLZX12",0.00151401225400519,"-",1212336,"USD"
"TT","TRANE TECHNOLOGIES PLC","G8994E103","BK9ZQ96",0.0015107993371054,"-",2695914,"USD"
"BNY","BANK OF NEW YORK MELLON CORP","064058100","B1Z77F6",0.00150330585700682,"-",8315041,"USD"
"PWR","QUANTA SERVICES INC","74762E102","2150204",0.00147705373165481,"-",1842306,"USD"
"SYK","STRYKER CORP","863667101","2853688",0.00146405239401373,"-",4283087,"USD"
"SO","SOUTHERN CO/THE","842587107","2829601",0.00144890578577186,"-",14115219,"USD"
"VRT","VERTIV HOLDINGS CO A","92537N108","BL3LWS8",0.00144305867613436,"-",4724025,"USD"
"CME","CME GROUP INC","12572Q105","2965839",0.00142668477354878,"-",4406396,"USD"
"ADBE","ADOBE INC","00724F101","2008154",0.00139715986328021,"-",4871347,"USD"
"HOOD","ROBINHOOD MARKETS INC   A","770700102","BP0TQN6",0.00138833930880998,"-",9711587,"USD"
"HWM","HOWMET AEROSPACE INC","443201108","BKLJ8V2",0.00138800005671497,"-",4886116,"USD"
"JCI","JOHNSON CONTROLS INTERNATION","G51502105","BY7QL61",0.00136402291600007,"-",7421400,"USD"
"DDOG","DATADOG INC   CLASS A","23804L103","BKT9Y49",0.00135756714819211,"-",4109558,"USD"
"USB","US BANCORP","902973304","2736035",0.00135451387933703,"-",19117654,"USD"
"CDNS","CADENCE DESIGN SYS INC","127387108","2302232",0.00134736962933625,"-",3378993,"USD"
"DUK","DUKE ENERGY CORP","26441C204","B7VD3F2",0.00134441614050912,"-",9569813,"USD"
"PNC","PNC FINANCIAL SERVICES GROUP","693475105","2692665",0.0013346875877846,"-",4895389,"USD"
"EMR","EMERSON ELECTRIC CO","291011104","2313405",0.00132168625014352,"-",6833450,"USD"
"CEG","CONSTELLATION ENERGY","21037T109","BMH4FS1",0.00131572938247528,"-",4042823,"USD"
"CSX","CSX CORP","126408103","2160753",0.00131025145894116,"-",22697594,"USD"
"MMM","3M CO","88579Y101","2595708",0.00130952306473717,"-",6318475,"USD"
"LITE","LUMENTUM HOLDINGS INC","55024U109","BYM9ZP2",0.00130164044252961,"-",1087011,"USD"
"BE","BLOOM ENERGY CORP  A","093712107","BDD1BB8",0.00129465584057355,"-",3613790,"USD"
"BX","BLACKSTONE INC","09260D107","BKF2SL7",0.0012915427037017,"-",9210390,"USD"
"ICE","INTERCONTINENTAL EXCHANGE IN","45866F104","BFSSDS9",0.00128945730111768,"-",6888046,"USD"
"ELV","ELEVANCE HEALTH INC","036752103","BSPHGL4",0.0012835503234634,"-",2657017,"USD"
"GD","GENERAL DYNAMICS CORP","369550108","2365161",0.00127671539154925,"-",3123101,"USD"
"WMB","WILLIAMS COS INC","969457100","2967181",0.00126817422115726,"-",15022335,"USD"
"APP","APPLOVIN CORP CLASS A","03831W108","BMV3LG4",0.00125009408009385,"-",3324904,"USD"
"MRSH","MARSH + MCLENNAN COS","571748102","2567741",0.00122748392576178,"-",5855556,"USD"
"HPE","HEWLETT PACKARD ENTERPRISE","42824C109","BYVYWS0",0.00122699500362486,"-",16222302,"USD"
"SNPS","SYNOPSYS INC","871607107","2867719",0.00119970516598223,"-",2349666,"USD"
"TMUS","T MOBILE US INC","872590104","B94Q9V0",0.00118737235452838,"-",5922821,"USD"
"WBD","WARNER BROS DISCOVERY INC","934423104","BM8JYX3",0.00116903278539231,"-",30806657,"USD"
"AMT","AMERICAN TOWER CORP","03027X100","B7FBFL2",0.00116732654691447,"-",5732082,"USD"
"MAR","MARRIOTT INTERNATIONAL  CL A","571903202","2210614",0.00116509147428853,"-",2619289,"USD"
"WM","WASTE MANAGEMENT INC","94106L109","2937667",0.00116191846939992,"-",4561329,"USD"
"CMCSA","COMCAST CORP CLASS A","20030N101","2044545",0.00115199035661951,"-",43358100,"USD"
"TRV","TRAVELERS COS INC/THE","89417E109","2769503",0.00114168307973291,"-",2555416,"USD"
"MRNA","MODERNA INC","60770K107","BGSXTS3",0.00114021631332214,"-",4555998,"USD"
"SHW","SHERWIN WILLIAMS CO/THE","824348106","2804211",0.00113612533217644,"-",2795157,"USD"
"ROST","ROSS STORES INC","778296103","2746711",0.0011328226132515,"-",3928954,"USD"
"MDLZ","MONDELEZ INTERNATIONAL INC A","609207105","B8CKK03",0.00113086692470381,"-",15635416,"USD"
"SLB","SLB LTD","806857108","2779201",0.0011152613283334,"-",18180712,"USD"
"MSI","MOTOROLA SOLUTIONS INC","620076307","B5BKPQ4",0.00111256726757891,"-",2027445,"USD"
"REGN","REGENERON PHARMACEUTICALS","75886F107","2730190",0.00110888538454779,"-",1201174,"USD"
"EOG","EOG RESOURCES INC","26875P101","2318024",0.00110563255563682,"-",6435956,"USD"
"INTU","INTUIT INC","461202103","2459020",0.00110489418343004,"-",3351283,"USD"
"CI","THE CIGNA GROUP","125523100","BHJ0775",0.00109783973545441,"-",3242437,"USD"
"HLT","HILTON WORLDWIDE HOLDINGS IN","43300A203","BYVMW06",0.0010966224191135,"-",2756368,"USD"
"CMI","CUMMINS INC","231021106","2240202",0.00108154565689119,"-",1686450,"USD"
"TGT","TARGET CORP","87612E106","2259101",0.0010733636945998,"-",5578269,"USD"
"GM","GENERAL MOTORS CO","37045V100","B665KZ5",0.00106389456994793,"-",10748285,"USD"
"DASH","DOORDASH INC   A","25809K105","BN13P03",0.00106249764955672,"-",4616644,"USD"
"UPS","UNITED PARCEL SERVICE CL B","911312106","2517382",0.00106149984927728,"-",9187319,"USD"
"NSC","NORFOLK SOUTHERN CORP","655844108","2641894",0.00106147989327169,"-",2757042,"USD"
"ECL","ECOLAB INC","278865100","2304227",0.00105617159578508,"-",3090075,"USD"
"ORLY","O REILLY AUTOMOTIVE INC","67103H107","B65LWX6",0.00105091318831244,"-",9926368,"USD"
"CL","COLGATE PALMOLIVE CO","194162103","2209106",0.00104027663733363,"-",9781599,"USD"
"ITW","ILLINOIS TOOL WORKS","452308109","2457552",0.00103799167469372,"-",3180165,"USD"
"CTAS","CINTAS CORP","172908105","2197137",0.00102712562965064,"-",4222825,"USD"
"MCO","MOODY S CORP","615369105","2252058",0.00102235614431493,"-",1827405,"USD"
"NOC","NORTHROP GRUMMAN CORP","666807102","2648806",0.00101949245751294,"-",1642487,"USD"
"HON","HONEYWELL INTERNATIONAL INC","438516205","BN7RHC5",0.00100763859019322,"-",3898430,"USD"
"MPWR","MONOLITHIC POWER SYSTEMS INC","609839105","B01Z7J1",0.00100611195576568,"-",604096,"USD"
"SPG","SIMON PROPERTY GROUP INC","828806109","2812452",0.000997560807370895,"-",3969989,"USD"
"ABNB","AIRBNB INC CLASS A","009066101","BMGYYH4",0.000992821256043564,"-",5142310,"USD"
"AEP","AMERICAN ELECTRIC POWER","025537101","2026242",0.000982434155134615,"-",6694771,"USD"
"RCL","ROYAL CARIBBEAN CRUISES LTD","V7780T103","2754907",0.000976616979505492,"-",3045839,"USD"
"KKR","KKR + CO INC","48251W104","BG1FRR1",0.000974990565050008,"-",8506539,"USD"
"HCA","HCA HEALTHCARE INC","40412C101","B4MGBG6",0.00095904571658459,"-",1806355,"USD"
"BSX","BOSTON SCIENTIFIC CORP","101137107","2113434",0.000957868312254853,"-",17746538,"USD"
"FDX","FEDEX CORP","31428X106","2142784",0.000955054515466838,"-",2700899,"USD"
"TER","TERADYNE INC","880770102","2884183",0.000954266253246082,"-",1924944,"USD"
"URI","UNITED RENTALS INC","911363109","2134781",0.000953088848916345,"-",763728,"USD"
"APD","AIR PRODUCTS + CHEMICALS INC","009158106","2011602",0.000941284871610594,"-",2740917,"USD"
"DLR","DIGITAL REALTY TRUST INC","253868103","B03GQS4",0.000936754858341946,"-",4313272,"USD"
"KEYS","KEYSIGHT TECHNOLOGIES IN","49338L103","BQZJ0Q9",0.000933911127545547,"-",2105197,"USD"
"TEL","TE CONNECTIVITY PLC","G87052109","BRC3N84",0.000928872236134386,"-",3552126,"USD"
"TDG","TRANSDIGM GROUP INC","893641100","B11FJK3",0.00091562144842345,"-",676834,"USD"
"KMI","KINDER MORGAN INC","49456B101","B3NQ4P8",0.000902290836690158,"-",24089935,"USD"
"MNST","MONSTER BEVERAGE CORP","61174X109","BZ07BW4",0.000901602354497346,"-",17560432,"USD"
"NXPI","NXP SEMICONDUCTORS NV","N6596X109","B505PN7",0.000900045786061423,"-",3094294,"USD"
"PCAR","PACCAR INC","693718108","2665861",0.000890466903378819,"-",6475153,"USD"
"COR","CENCORA INC","03073E105","2795393",0.00088586704409061,"-",2341296,"USD"
"TRGP","TARGA RESOURCES CORP","87612G101","B55PZY3",0.000885118693881031,"-",2631090,"USD"
"FIX","COMFORT SYSTEMS USA INC","199908104","2036047",0.000884998957847498,"-",432104,"USD"
"AON","AON PLC CLASS A","G0403H108","BLP1HW5",0.000881616414900204,"-",2597776,"USD"
"AJG","ARTHUR J GALLAGHER + CO","363576109","2359506",0.000880997778726952,"-",3144794,"USD"
"AME","AMETEK INC","031100100","2089212",0.000869992041644752,"-",2820306,"USD"
"FAST","FASTENAL CO","311900104","2332262",0.000868016397091465,"-",14124709,"USD"
"COHR","COHERENT CORP","19247G107","BNG8Z81",0.000865132754283889,"-",2406910,"USD"
"ALL","ALLSTATE CORP","020002101","2019952",0.000858547272439598,"-",3096321,"USD"
"TFC","TRUIST FINANCIAL CORP","89832Q109","BKP7287",0.000854406401279931,"-",14957126,"USD"
"APO","APOLLO GLOBAL MANAGEMENT INC","03769M106","BN44JF6",0.000848519379631247,"-",5796800,"USD"
"CRH","CRH PLC","G25508105","B01ZKD6",0.000846912921181352,"-",8145227,"USD"
"BKR","BAKER HUGHES CO","05722G100","BDHLTQ5",0.000839798605188959,"-",12209032,"USD"
"OKE","ONEOK INC","30609A109","BWJJFW8",0.00082820416594189,"-",7751583,"USD"
"GWW","WW GRAINGER INC","384802104","2380863",0.000816609726694821,"-",531671,"USD"
"D","DOMINION ENERGY INC","25746U109","2542049",0.000807160558048543,"-",10821243,"USD"
"NUE","NUCOR CORP","670346105","2651086",0.000805294671525994,"-",2777817,"USD"
"CTVA","CORTEVA INC","22052L104","BK73B42",0.000784171239610293,"-",8186848,"USD"
"CAH","CARDINAL HEALTH INC","14149Y108","2175672",0.000784001613562788,"-",2846552,"USD"
"O","REALTY INCOME CORP","756109104","2724193",0.000783602493451013,"-",11610321,"USD"
"SRE","SEMPRA","816851109","2138158",0.00077352471062869,"-",8043600,"USD"
"DVN","DEVON ENERGY CORP","25179M103","2480677",0.000771828450153645,"-",13465123,"USD"
"EW","EDWARDS LIFESCIENCES CORP","28176E108","2567116",0.000767637688980006,"-",7085174,"USD"
"AFL","AFLAC INC","001055102","2026361",0.000765452506368037,"-",5474988,"USD"
"MET","METLIFE INC","59156R108","2573209",0.000765133210278616,"-",6533889,"USD"
"DAL","DELTA AIR LINES INC","247361702","B1W9D46",0.000760363724942903,"-",7283549,"USD"
"CIEN","CIENA CORP","171779309","B1FLZ21",0.000757879202247102,"-",1735970,"USD"
"A","AGILENT TECHNOLOGIES INC","00846U101","2520153",0.000748579703642741,"-",3476982,"USD"
"BDX","BECTON DICKINSON AND CO","075887109","2087807",0.000746115136952529,"-",3333328,"USD"
"HONA","HONEYWELL AEROSPACE INC","43849R105","BN7RHB4",0.000745376764745745,"-",3898430,"USD"
"WAB","WABTEC CORP","929740108","2955733",0.000740527455387676,"-",2067187,"USD"
"STT","STATE STREET CORP","857477103","2842040",0.000735259069912244,"-",3362249,"USD"
"F","FORD MOTOR CO","345370860","2615468",0.000728603742048393,"-",48157240,"USD"
"GRMN","GARMIN LTD","H2906T109","B3Z5T14",0.00072654827347275,"-",2035154,"USD"
"ROK","ROCKWELL AUTOMATION INC","773903109","2754060",0.000726538295469956,"-",1368734,"USD"
"PSA","PUBLIC STORAGE","74460D109","2852533",0.000724911881014472,"-",2063641,"USD"
"AZO","AUTOZONE INC","053332102","2065955",0.000707639958177401,"-",200034,"USD"
"HUM","HUMANA INC","444859102","2445063",0.00070292036285566,"-",1477124,"USD"
"ETR","ENTERGY CORP","29364G103","2317087",0.000702621022771828,"-",5725870,"USD"
"PYPL","PAYPAL HOLDINGS INC","70450Y103","BYW36M8",0.000693820424307185,"-",10466747,"USD"
"FITB","FIFTH THIRD BANCORP","316773100","2336747",0.000691715065717571,"-",11124517,"USD"
"CVNA","CARVANA CO","146869102","BYQHPG3",0.000689769355172667,"-",8814234,"USD"
"CARR","CARRIER GLOBAL CORP","14448C104","BK4N0D7",0.000688991070954706,"-",10114314,"USD"
"VST","VISTRA CORP","92840M102","BZ8VJQ8",0.000670561699793487,"-",3870952,"USD"
"VTR","VENTAS INC","92276F100","2927925",0.000668795593298881,"-",6293634,"USD"
"XEL","XCEL ENERGY INC","98389B100","2614807",0.000667937485058565,"-",7681634,"USD"
"LHX","L3HARRIS TECHNOLOGIES INC","502431109","BK9DTN5",0.000666780036734417,"-",2292352,"USD"
"IQV","IQVIA HOLDINGS INC","46266C105","BDR73G1",0.000666301092600286,"-",2013763,"USD"
"VMRK","VIVMARK RESIDENTIAL","29476L107","2319157",0.000664465140086121,"-",8804989,"USD"
"AMP","AMERIPRISE FINANCIAL INC","03076C106","B0J7D57",0.00066125222318633,"-",1080957,"USD"
"WAT","WATERS CORP","941848103","2937689",0.000657889636244625,"-",1206613,"USD"
"FERG","FERGUSON ENTERPRISES INC","31488V107","BS6VHW3",0.000653648985057013,"-",2373692,"USD"
"P","EVERPURE INC A","74624M102","BYZ62T3",0.000652451624721688,"-",4078584,"USD"
"NKE","NIKE INC  CL B","654106103","2640147",0.000650705474232671,"-",14760184,"USD"
"ADSK","AUTODESK INC","052769106","2065159",0.000649248685824692,"-",2597773,"USD"
"MCHP","MICROCHIP TECHNOLOGY INC","595017104","2592174",0.000645337308729295,"-",6659566,"USD"
"COIN","COINBASE GLOBAL INC  CLASS A","19260Q107","BMC9P69",0.000639719693156059,"-",2736936,"USD"
"KDP","KEURIG DR PEPPER INC","49271V100","BD3W133",0.000638961364943686,"-",16740482,"USD"
"IDXX","IDEXX LABORATORIES INC","45168D104","2459202",0.00063705556640996,"-",970887,"USD"
"EBAY","EBAY INC","278642103","2293819",0.000635928052094195,"-",4913889,"USD"
"FLEX","FLEX LTD","Y2573F102","2353058",0.000633503397415161,"-",4524467,"USD"
"EXC","EXELON CORP","30161N101","2670519",0.000633333771367656,"-",12666181,"USD"
"VEEV","VEEVA SYSTEMS INC CLASS A","922475108","BFH3N85",0.000628254967945317,"-",1833485,"USD"
"RSG","REPUBLIC SERVICES INC","760759100","2262530",0.000624932293014789,"-",2397376,"USD"
"ILMN","ILLUMINA INC","452327109","2613990",0.00061985348959245,"-",1852649,"USD"
"NTAP","NETAPP INC","64110D104","2630643",0.000619474325486263,"-",2407558,"USD"
"NDAQ","NASDAQ INC","631103108","2965107",0.000612160449437983,"-",5418244,"USD"
"CMG","CHIPOTLE MEXICAN GRILL INC","169656105","B0X7DZ3",0.000607031756001672,"-",15479847,"USD"
"XYZ","BLOCK INC","852234103","BYNZGK1",0.000604457431280722,"-",6636179,"USD"
"OXY","OCCIDENTAL PETROLEUM CORP","674599105","2655408",0.000603868729115853,"-",8935661,"USD"
"PRU","PRUDENTIAL FINANCIAL INC","744320102","2819118",0.000597213401252002,"-",4219657,"USD"
"MSCI","MSCI INC","55354G100","B2972D2",0.000594629098528258,"-",895616,"USD"
"AIG","AMERICAN INTERNATIONAL GROUP","026874784","2027342",0.000594020440357801,"-",6415820,"USD"
"IBKR","INTERACTIVE BROKERS GRO CL A","45841N107","B1WT4X2",0.000589340757047237,"-",5559458,"USD"
"ADM","ARCHER DANIELS MIDLAND CO","039483102","2047317",0.000579143238191381,"-",5929805,"USD"
"ED","CONSOLIDATED EDISON INC","209115104","2216850",0.000576509045453664,"-",4535787,"USD"
"WDAY","WORKDAY INC CLASS A","98138H101","B8K6ZD1",0.000572038900201782,"-",2458363,"USD"
"SYY","SYSCO CORP","871829107","2868165",0.000568057677086825,"-",5883748,"USD"
"FANG","DIAMONDBACK ENERGY INC","25278X109","B7Y8YR3",0.000567518864935928,"-",2508168,"USD"
"YUM","YUM  BRANDS INC","988498101","2098876",0.000567319304880041,"-",3348653,"USD"
"CBRE","CBRE GROUP INC   A","12504L109","B6WVMH3",0.000560993251108404,"-",3485715,"USD"
"UAL","UNITED AIRLINES HOLDINGS INC","910047109","B4QG225",0.000553390012979087,"-",3993657,"USD"
"TTWO","TAKE TWO INTERACTIVE SOFTWRE","874054109","2122117",0.000537983976664565,"-",2156861,"USD"
"DHI","DR HORTON INC","23331A109","2250687",0.000533593655435038,"-",3111893,"USD"
"KR","KROGER CO","501044101","2497406",0.00052197926018238,"-",6980581,"USD"
"ROP","ROPER TECHNOLOGIES INC","776696106","2749602",0.000521590118073399,"-",1213442,"USD"
"KVUE","KENVUE INC","49177J102","BQ84ZQ6",0.000520442647752045,"-",23624072,"USD"
"AXON","AXON ENTERPRISE INC","05464C101","BDT5S35",0.000514475802081007,"-",996834,"USD"
"HIG","HARTFORD INSURANCE GROUP INC","416515104","2476193",0.00051272965159199,"-",3312162,"USD"
"PEG","PUBLIC SERVICE ENTERPRISE GP","744573106","2707677",0.000510424732946488,"-",6131255,"USD"
"BIIB","BIOGEN INC","09062X103","2455965",0.000508139770306575,"-",1819285,"USD"
"EME","EMCOR GROUP INC","29084Q100","2474164",0.000507052168001988,"-",540945,"USD"
"WEC","WEC ENERGY GROUP INC","92939U106","BYY8XK8",0.000505675203616364,"-",4007563,"USD"
"JBL","JABIL INC","466313103","2471789",0.0005043680852503,"-",1286018,"USD"
"IRM","IRON MOUNTAIN INC","46284V101","BVFTF03",0.000502053188602004,"-",3660566,"USD"
"ODFL","OLD DOMINION FREIGHT LINE","679580100","2656423",0.000499877983992829,"-",2289994,"USD"
"KMB","KIMBERLY CLARK CORP","494368103","2491839",0.00049728370326629,"-",4084040,"USD"
"DXCM","DEXCOM INC","252131107","B0796X4",0.000491556329662317,"-",4612388,"USD"
"ACGL","ARCH CAPITAL GROUP LTD","G0450A105","2740542",0.000485938714089081,"-",4153183,"USD"
"RMD","RESMED INC","761152107","2732903",0.000485080605848764,"-",1769762,"USD"
"CCL","CARNIVAL CORP LTD","G2004J103","BVV7RC7",0.000482735775192085,"-",15629266,"USD"
"PAYX","PAYCHEX INC","704326107","2674458",0.000478175827915054,"-",3914423,"USD"
"NTRS","NORTHERN TRUST CORP","665859104","2648668",0.000477587125750185,"-",2245075,"USD"
"VMC","VULCAN MATERIALS CO","929160109","2931205",0.000476679127495897,"-",1596414,"USD"
"MTB","M + T BANK CORP","55261F104","2340168",0.000472159092230043,"-",1764824,"USD"
"HBAN","HUNTINGTON BANCSHARES INC","446150104","2445966",0.000468437297187739,"-",24939423,"USD"
"MTD","METTLER TOLEDO INTERNATIONAL","592688105","2126249",0.000467748814994927,"-",247357,"USD"
"CNC","CENTENE CORP","15135B101","2807061",0.000463847415902324,"-",6061572,"USD"
"EQT","EQT CORP","26884L109","2319414",0.00046271990158656,"-",7695860,"USD"
"EXPE","EXPEDIA GROUP INC","30212P303","B748CK2",0.000461442717228879,"-",1408548,"USD"
"GEHC","GE HEALTHCARE TECHNOLOGY","36266G107","BL6JPG8",0.000453071172884395,"-",5542190,"USD"
"STLD","STEEL DYNAMICS INC","858119100","2849472",0.000450157596068436,"-",1653180,"USD"
"ON","ON SEMICONDUCTOR","682189105","2583576",0.000446266174978628,"-",4776889,"USD"
"ZTS","ZOETIS INC","98978V103","B95WG16",0.000438453398790628,"-",5070444,"USD"
"MLM","MARTIN MARIETTA MATERIALS","573284106","2572079",0.000435509887966286,"-",739014,"USD"
"CCI","CROWN CASTLE INC","22822V101","BTGQCX1",0.000430690512616601,"-",5220462,"USD"
"EXR","EXTRA SPACE STORAGE INC","30225T102","B02HWR9",0.000426779135521204,"-",2599147,"USD"
"HPQ","HP INC","40434L105","BYX4D52",0.000425631665199851,"-",11260262,"USD"
"TDY","TELEDYNE TECHNOLOGIES INC","879360105","2503477",0.000424743622951151,"-",570191,"USD"
"AEE","AMEREN CORPORATION","023608102","2050832",0.000419784555562344,"-",3404202,"USD"
"RJF","RAYMOND JAMES FINANCIAL INC","754730109","2718992",0.000419694753537195,"-",2134483,"USD"
"CBOE","CBOE GLOBAL MARKETS INC","12503M108","B5834C5",0.000415234586288107,"-",1289681,"USD"
"LYV","LIVE NATION ENTERTAINMENT IN","538034109","B0T7YX2",0.000409836486776348,"-",1947415,"USD"
"WSM","WILLIAMS SONOMA INC","969904101","2967589",0.000409756662753993,"-",1448602,"USD"
"DG","DOLLAR GENERAL CORP","256677105","B5B1S13",0.000409197894597507,"-",2712544,"USD"
"CFG","CITIZENS FINANCIAL GROUP","174610105","BQRX1X3",0.000408818730491321,"-",5202084,"USD"
"PCG","P G + E CORP","69331C108","2689560",0.000404288717222673,"-",27096175,"USD"
"WTW","WILLIS TOWERS WATSON PLC","G96629103","BDB6Q21",0.00040321109292088,"-",1139739,"USD"
"WST","WEST PHARMACEUTICAL SERVICES","955306105","2950482",0.000402732148786749,"-",869308,"USD"
"ARES","ARES MANAGEMENT CORP   A","03990B101","BF14BT1",0.000402103534610703,"-",2747721,"USD"
"ATO","ATMOS ENERGY CORP","049560105","2315359",0.000402013732585554,"-",2073753,"USD"
"HAL","HALLIBURTON CO","406216101","2405302",0.000398611233632671,"-",10274506,"USD"
"Q","QNITY ELECTRONICS INC","74743L100","BW1P234",0.000397723191383971,"-",2574127,"USD"
"IR","INGERSOLL RAND INC","45687V106","BL5GZ82",0.000396605655071,"-",4215812,"USD"
"AWK","AMERICAN WATER WORKS CO INC","030420103","B2R3PV1",0.000389341669036692,"-",2438520,"USD"
"DGX","QUEST DIAGNOSTICS INC","74834L100","2702791",0.000388613274832702,"-",1361939,"USD"
"CPAY","CORPAY INC","219948106","BMX5GK7",0.000388553406815936,"-",804377,"USD"
"DOV","DOVER CORP","260003108","2278407",0.000386946948366041,"-",1658260,"USD"
"CTSH","COGNIZANT TECH SOLUTIONS A","192446102","2257019",0.000386408136215144,"-",5526756,"USD"
"VICI","VICI PROPERTIES INC","925652109","BYWH073",0.000385540049972033,"-",13510165,"USD"
"DTE","DTE ENERGY COMPANY","233331107","2280220",0.000385380401927323,"-",2559841,"USD"
"OTIS","OTIS WORLDWIDE CORP","68902V107","BK531S8",0.000377078703602399,"-",4670879,"USD"
"LH","LABCORP HOLDINGS INC","504922105","BSBK800",0.0003761906613537,"-",990342,"USD"
"FFIV","F5 INC","315616102","2427599",0.000373676204649516,"-",693463,"USD"
"CINF","CINCINNATI FINANCIAL CORP","172062101","2196888",0.000373287062540535,"-",1883382,"USD"
"EXPD","EXPEDITORS INTL WASH INC","302130109","2325507",0.000372369086283452,"-",1608865,"USD"
"PPL","PPL CORP","69351T106","2680905",0.000370972165892239,"-",9256837,"USD"
"HUBB","HUBBELL INC","443510607","BDFG6S3",0.000367380084886262,"-",650564,"USD"
"FISV","FISERV INC","337738108","2342034",0.000366033054509021,"-",6560201,"USD"
"CNP","CENTERPOINT ENERGY INC","15189T107","2440637",0.000365663868405629,"-",8047571,"USD"
"ES","EVERSOURCE ENERGY","30040W108","BVVN4Q8",0.000363209279718212,"-",4620954,"USD"
"PPG","PPG INDUSTRIES INC","693506107","2698470",0.000357571708139387,"-",2741900,"USD"
"XYL","XYLEM INC","98419M100","B3P2CN8",0.00035568586561125,"-",2864948,"USD"
"VLTO","VERALTO CORP","92338C103","BPGMZQ5",0.000355167009465942,"-",2991463,"USD"
"HSY","HERSHEY CO/THE","427866108","2422806",0.000354648153320634,"-",1786249,"USD"
"ULTA","ULTA BEAUTY INC","90384S303","B28TS42",0.000353610441030019,"-",524698,"USD"
"SW","SMURFIT WESTROCK PLC","G8267P108","BRK49M5",0.000352502882719842,"-",6457243,"USD"
"EL","ESTEE LAUDER COMPANIES CL A","518439104","2320524",0.000352103762608067,"-",3033287,"USD"
"SYF","SYNCHRONY FINANCIAL","87165B103","BP96PS6",0.000350347634116256,"-",3971266,"USD"
"SMCI","SUPER MICRO COMPUTER INC","86800U302","BRC3N73",0.000349349833836819,"-",6923694,"USD"
"RF","REGIONS FINANCIAL CORP","7591EP100","B01R311",0.000347284387258382,"-",10499419,"USD"
"FE","FIRSTENERGY CORP","337932107","2100920",0.000343841976294321,"-",6405509,"USD"
"CPRT","COPART INC","217204106","2208073",0.000343343076154602,"-",10284693,"USD"
"VRSN","VERISIGN INC","92343E102","2142922",0.000343253274129453,"-",997184,"USD"
"TPR","TAPESTRY INC","876030107","BF09HX3",0.000341527079646025,"-",2432959,"USD"
"CHD","CHURCH + DWIGHT CO INC","171340102","2195841",0.000339641237117887,"-",2908027,"USD"
"TROW","T ROWE PRICE GROUP INC","74144T108","2702337",0.000338833018891542,"-",2635717,"USD"
"CASY","CASEY S GENERAL STORES INC","147528103","2179414",0.000336009244100733,"-",455354,"USD"
"PHM","PULTEGROUP INC","745867101","2708841",0.000335230959882771,"-",2299831,"USD"
"PFG","PRINCIPAL FINANCIAL GROUP","74251V102","2803014",0.0003351810698688,"-",2390895,"USD"
"DRI","DARDEN RESTAURANTS INC","237194105","2289874",0.000334412763653632,"-",1393389,"USD"
"IFF","INTL FLAVORS + FRAGRANCES","459506101","2464165",0.000330132200454843,"-",3148194,"USD"
"VRSK","VERISK ANALYTICS INC","92345Y106","B4P9W92",0.000328954796125107,"-",1611630,"USD"
"DLTR","DOLLAR TREE INC","256746108","2272476",0.000328625522032892,"-",2357998,"USD"
"RDDT","REDDIT INC CL A","75734B100","BMVNLY2",0.000320483471752678,"-",1792412,"USD"
"INCY","INCYTE CORP","45337C102","2471950",0.000316572094657282,"-",2088964,"USD"
"VTRS","VIATRIS INC","92556V106","BMWS3X9",0.000314127483972659,"-",14093494,"USD"
"STE","STERIS PLC","G8473T100","BFY8C75",0.000312560937533941,"-",1206273,"USD"
"PKG","PACKAGING CORP OF AMERICA","695156109","2504566",0.000312540981528352,"-",1089182,"USD"
"EIX","EDISON INTERNATIONAL","281020107","2829515",0.000311892411346718,"-",4734160,"USD"
"LUV","SOUTHWEST AIRLINES CO","844741108","2831543",0.000311203929153905,"-",6012275,"USD"
"NRG","NRG ENERGY INC","629377508","2212922",0.000310196150871673,"-",2595223,"USD"
"OMC","OMNICOM GROUP","681919106","2279303",0.00030702314598306,"-",3366562,"USD"
"KHC","KRAFT HEINZ CO/THE","500754106","BYRY499",0.000306374575801426,"-",10621413,"USD"
"CMS","CMS ENERGY CORP","125896100","2219224",0.000300287994096854,"-",3847468,"USD"
"DOW","DOW INC","260557103","BHXCF84",0.000300138324054938,"-",8837585,"USD"
"AMCR","AMCOR PLC","G0250X149","BV7DQ55",0.00029503956462701,"-",5648959,"USD"
"EXE","EXPAND ENERGY CORP","165167735","BMZ5LZ5",0.000292315569864145,"-",2822998,"USD"
"TPL","TEXAS PACIFIC LAND CORP","88262P102","BM99VY2",0.000290888715464548,"-",719458,"USD"
"SNA","SNAP ON INC","833034101","2818740",0.000287795534598291,"-",637389,"USD"
"FSLR","FIRST SOLAR INC","336433107","B1HMF22",0.000287486216511665,"-",1320964,"USD"
"NI","NISOURCE INC","65473P105","2645409",0.000284502793676146,"-",5882368,"USD"
"GPN","GLOBAL PAYMENTS INC","37940X102","2712013",0.000279533748284545,"-",2727110,"USD"
"BR","BROADRIDGE FINANCIAL SOLUTIO","11133T103","B1VP7R6",0.000276999335574772,"-",1399148,"USD"
"KEY","KEYCORP","493267108","2490911",0.000275442767138849,"-",11129562,"USD"
"EVRG","EVERGY INC","30034W106","BFMXGR0",0.000274724350937654,"-",2836820,"USD"
"GIS","GENERAL MILLS INC","370334104","2367026",0.00027316778250173,"-",6566521,"USD"
"ZBRA","ZEBRA TECHNOLOGIES CORP CL A","989207105","2989356",0.000270932709875789,"-",585835,"USD"
"DD","DUPONT DE NEMOURS INC","26614N201","BW60F13",0.000267041288785981,"-",1668462,"USD"
"CHRW","C.H. ROBINSON WORLDWIDE INC","12541W209","2116228",0.000267041288785981,"-",1450123,"USD"
"IP","INTERNATIONAL PAPER CO","460146103","2465254",0.000266452586621113,"-",6501026,"USD"
"GPC","GENUINE PARTS CO","372460105","2367480",0.000264466964065031,"-",1693631,"USD"
"NDSN","NORDSON CORP","655663102","2641838",0.000264417074051059,"-",652336,"USD"
"CF","CF INDUSTRIES HOLDINGS INC","125269100","B0G4K50",0.000264267404009144,"-",1856692,"USD"
"BBY","BEST BUY CO INC","086516101","2094670",0.000264227491997966,"-",2420424,"USD"
"ESS","ESSEX PROPERTY TRUST INC","297178105","2316619",0.000263798437877808,"-",790381,"USD"
"BRO","BROWN + BROWN INC","115236101","2692687",0.000263179801704556,"-",3530692,"USD"
"L","LOEWS CORP","540424108","2523022",0.000262880461620725,"-",2017518,"USD"
"ZBH","ZIMMER BIOMET HOLDINGS INC","98956P102","2783815",0.000262241869441885,"-",2340224,"USD"
"SBAC","SBA COMMUNICATIONS CORP","78410G104","BZ6TS23",0.00026127400317083,"-",1304617,"USD"
"FIS","FIDELITY NATIONAL INFO SERV","31620M106","2769796",0.000260884861061849,"-",6359638,"USD"
"JBHT","HUNT (JB) TRANSPRT SVCS INC","445658107","2445416",0.000258370404357665,"-",916130,"USD"
"IEX","IDEX CORP","45167R104","2456612",0.000258150888296189,"-",910779,"USD"
"RVTY","REVVITY INC","714046109","2305844",0.000257901438226329,"-",1372413,"USD"
"BG","BUNGE GLOBAL SA","H11356104","BQ6BPG9",0.000257123154008368,"-",1932982,"USD"
"STZ","CONSTELLATION BRANDS INC A","21036P108","2170473",0.000255756167625538,"-",1843806,"USD"
"FTV","FORTIVE CORP","34959J108","BYT3MK1",0.000255616475586417,"-",3750312,"USD"
"LNT","ALLIANT ENERGY CORP","018802108","2973821",0.000250118596046713,"-",3160400,"USD"
"TSCO","TRACTOR SUPPLY COMPANY","892356106","2900335",0.000250048750027153,"-",6451371,"USD"
"EFX","EQUIFAX INC","294429105","2319146",0.000249729453937733,"-",1441595,"USD"
"J","JACOBS SOLUTIONS INC","46982L108","BNGC0D3",0.000243852410291843,"-",1452534,"USD"
"CDW","CDW CORP/DE","12514G108","BBM5MD6",0.000243054170068293,"-",1523352,"USD"
"LEN","LENNAR CORP A","526057104","2511920",0.000240639493392053,"-",2356718,"USD"
"AKAM","AKAMAI TECHNOLOGIES INC","00971T101","2507457",0.000238534134802439,"-",1788084,"USD"
"LDOS","LEIDOS HOLDINGS INC","525327102","BDV82B8",0.000234373307637182,"-",1547844,"USD"
"NVR","NVR INC","62944T105","2637785",0.000234103901561734,"-",30526,"USD"
"WRB","WR BERKLEY CORP","084423102","2093644",0.000233165969299062,"-",2778647,"USD"
"HST","HOST HOTELS + RESORTS INC","44107P104","2567503",0.000229973008404861,"-",8406541,"USD"
"KIM","KIMCO REALTY CORP","49446R109","2491594",0.000228815560080713,"-",8297109,"USD"
"BALL","BALL CORP","058498106","2073022",0.000228226857915845,"-",3275160,"USD"
"LYB","LYONDELLBASELL INDU CL A","N53745100","B3SPXZ3",0.000228166989899078,"-",3188256,"USD"
"APA","APA CORP","03743Q108","BNNF1C1",0.000225622599186511,"-",4347564,"USD"
"PTC","PTC INC","69370C100","B95N910",0.000223337636546599,"-",1319935,"USD"
"TSN","TYSON FOODS INC CL A","902494103","2909730",0.00021769008696498,"-",3471388,"USD"
"CRL","CHARLES RIVER LABORATORIES","159864107","2604336",0.000215784288431253,"-",592722,"USD"
"INVH","INVITATION HOMES INC","46187W107","BD81GW9",0.000215544816364188,"-",6594984,"USD"
"WY","WEYERHAEUSER CO","962166104","2958936",0.000211763153305118,"-",8805796,"USD"
"DOC","HEALTHPEAK PROPERTIES INC","42250P103","BJBLRK3",0.000210865133053624,"-",8515920,"USD"
"MAA","MID AMERICA APARTMENT COMM","59522J103","2589132",0.000208550236405328,"-",1431628,"USD"
"IVZ","INVESCO LTD","G491BT108","B28XP76",0.00020449916727081,"-",5465154,"USD"
"TXT","TEXTRON INC","883203101","2885937",0.000203760795064026,"-",2133861,"USD"
"RL","RALPH LAUREN CORP","751212101","B4V9661",0.000202583390734289,"-",462723,"USD"
"TRMB","TRIMBLE INC","896239100","2903958",0.000202304006656046,"-",2868263,"USD"
"FDXF","FEDEX FREIGHT HOLDING CO","314352105","BVSVT37",0.000202304006656046,"-",1467653,"USD"
"MAS","MASCO CORP","574599106","2570200",0.000201555656446468,"-",2396589,"USD"
"FICO","FAIR ISAAC CORP","303250104","2330299",0.000201176492340281,"-",264704,"USD"
"SWK","STANLEY BLACK + DECKER INC","854502101","B3Q2FJ4",0.000200438120133497,"-",1835251,"USD"
"SWKS","SKYWORKS SOLUTIONS INC","83088M102","2961053",0.00020039820812232,"-",1850499,"USD"
"ALLE","ALLEGION PLC","G0176J109","BFRT3W7",0.000199789549951863,"-",1044982,"USD"
"EG","EVEREST GROUP LTD","G3223R108","2556868",0.000198592189616537,"-",437766,"USD"
"AIZ","ASSURANT INC","04621X108","2331430",0.000197813905398576,"-",609976,"USD"
"AVY","AVERY DENNISON CORP","053611109","2066408",0.000197654257353865,"-",940891,"USD"
"SOLV","SOLVENTUM CORP","83444M101","BMTQB43",0.00019508991063571,"-",1775621,"USD"
"GL","GLOBE LIFE INC","37959E102","BK6YKG1",0.000195049998624532,"-",954790,"USD"
"SJM","JM SMUCKER CO/THE","832696405","2951452",0.000194860416571439,"-",1312487,"USD"
"ALB","ALBEMARLE CORP","012653101","2046853",0.000191827103721948,"-",1449087,"USD"
"FOXA","FOX CORP   CLASS A","35137L105","BJJMGL2",0.000188654098833335,"-",2454763,"USD"
"HAS","HASBRO INC","418056107","2414580",0.000187925704629345,"-",1730965,"USD"
"ECHO","ECHOSTAR CORP A","278768106","B2NC471",0.000187835902604196,"-",1698795,"USD"
"GNRC","GENERAC HOLDINGS INC","368736104","B6197Q2",0.000187337002464477,"-",717643,"USD"
"CHTR","CHARTER COMMUNICATIONS INC A","16119P108","BZ6VT82",0.000186768256305197,"-",1371993,"USD"
"MKC","MCCORMICK + CO NON VTG SHRS","579780206","2550161",0.000186618586263282,"-",3134674,"USD"
"BAX","BAXTER INTERNATIONAL INC","071813109","2085102",0.000184383513637341,"-",6383949,"USD"
"TYL","TYLER TECHNOLOGIES INC","902252105","2909644",0.000181789232910802,"-",467314,"USD"
"REG","REGENCY CENTERS CORP","758849103","2726177",0.000181280354768289,"-",2028257,"USD"
"GDDY","GODADDY INC   CLASS A","380237107","BWFRFC6",0.000179783654349132,"-",1553894,"USD"
"IT","GARTNER INC","366651107","2372763",0.000175163839055334,"-",766229,"USD"
"LII","LENNOX INTERNATIONAL INC","526107107","2442053",0.000171831186122011,"-",389326,"USD"
"TECH","BIO TECHNE CORP","09073M104","BSHZ3Q0",0.00017176134010245,"-",1929180,"USD"
"PNW","PINNACLE WEST CAPITAL","723484101","2048804",0.000171412110004647,"-",1491989,"USD"
"GEN","GEN DIGITAL INC","668771108","BJN4XN5",0.000169526267476509,"-",6609992,"USD"
"COO","COOPER COS INC/THE","216648501","BQPDXR3",0.000167191414822625,"-",2400233,"USD"
"CSGP","COSTAR GROUP INC","22160N109","2262864",0.00016654284464099,"-",5023805,"USD"
"AES","AES CORP","00130H105","2002479",0.000160386416916858,"-",8774280,"USD"
"TKO","TKO GROUP HOLDINGS INC","87256C101","BQBBFD1",0.000158929628508878,"-",727592,"USD"
"DECK","DECKERS OUTDOOR CORP","243537107","2267278",0.000157802114193113,"-",1651510,"USD"
"NWSA","NEWS CORP   CLASS A","65249B109","BBGVT40",0.000157432928089721,"-",4487640,"USD"
"JKHY","JACK HENRY + ASSOCIATES INC","426281101","2469193",0.000157203434025451,"-",874052,"USD"
"HII","HUNTINGTON INGALLS INDUSTRIE","446413106","B40SSC9",0.000154140187167576,"-",482637,"USD"
"LULU","LULULEMON ATHLETICA INC","550021109","B23FN39",0.000153491616985941,"-",1288124,"USD"
"UDR","UDR INC","902653104","2727910",0.000151865202530457,"-",3636558,"USD"
"DPZ","DOMINO S PIZZA INC","25754A201","B01SD70",0.000150667842195132,"-",405840,"USD"
"CLX","CLOROX COMPANY","189054109","2204026",0.00015013900804703,"-",1495825,"USD"
"CPT","CAMDEN PROPERTY TRUST","133131102","2166320",0.000148153385490948,"-",1236599,"USD"
"LVS","LAS VEGAS SANDS CORP","517834107","B02T2J7",0.000148023671454621,"-",3140441,"USD"
"BXP","BXP INC","101121101","2019479",0.000147005915169595,"-",1958940,"USD"
"ALGN","ALIGN TECHNOLOGY INC","016255101","2679204",0.000143543548199945,"-",810331,"USD"
"BEN","FRANKLIN TEMPLETON INC","354613101","2350684",0.000141947067752844,"-",3568239,"USD"
"FDS","FACTSET RESEARCH SYSTEMS INC","303075105","2329770",0.000139642149107342,"-",436684,"USD"
"PODD","INSULET CORP","45784P101","B1XGNW4",0.000139243028995567,"-",852178,"USD"
"APTV","APTIV PLC","G3265R107","BTDN8H1",0.000138983600922913,"-",2605313,"USD"
"UHS","UNIVERSAL HEALTH SERVICES B","913903100","2923785",0.00013710773639757,"-",634312,"USD"
"ROL","ROLLINS INC","775711104","2747305",0.000135630991984002,"-",3615292,"USD"
"PNR","PENTAIR PLC","G7S00T104","BLS09M3",0.000130721814609167,"-",1987540,"USD"
"FRT","FEDERAL REALTY INVS TRUST","313745101","BN7P9B2",0.000130602078575635,"-",970636,"USD"
"HSIC","HENRY SCHEIN INC","806407102","2416962",0.000124445650851502,"-",1190692,"USD"
"FOX","FOX CORP   CLASS B","35137L204","BJJMGY5",0.000113220397707825,"-",1648709,"USD"
"ARE","ALEXANDRIA REAL ESTATE EQUIT","015271109","2009210",0.000112941013629583,"-",1922865,"USD"
"MOS","MOSAIC CO/THE","61945C103","B3NPHP6",0.000108630516422411,"-",3939030,"USD"
"NCLH","NORWEGIAN CRUISE LINE HOLDIN","G66721104","B9CGTC3",0.000103541734997277,"-",5687365,"USD"
"AOS","SMITH (A.O.) CORP","831865209","2816023",9.82434155134615e-05,"-",1376588,"USD"
"DVA","DAVITA INC","23918K108","2898087",8.94827290599962e-05,"-",415229,"USD"
"HRL","HORMEL FOODS CORP","440452100","2437264",8.76268205402416e-05,"-",3588677,"USD"
"ERIE","ERIE INDEMNITY COMPANY CL A","29530P102","2311711",8.54915279422444e-05,"-",312470,"USD"
"WYNN","WYNN RESORTS LTD","983134107","2963811",8.44238816432458e-05,"-",877327,"USD"
"MGM","MGM RESORTS INTERNATIONAL","552953101","2547419",8.37852894644055e-05,"-",2161053,"USD"
"PSKY","PARAMOUNT SKYDANCE CL B","69932A204","BSNMNQ5",8.22087650228935e-05,"-",6689889,"USD"
"BF-B","BROWN FORMAN CORP CLASS B","115637209","2146838",7.02750736808155e-05,"-",2173203,"USD"
"NWS","NEWS CORP   CLASS B","65249B208","BBGVT51",5.81218662772612e-05,"-",1500036,"USD"
"2602335D","TPG INC","436CVR021","-",2.99340083831388e-08,"-",2578626,"USD"
